{"stats":{"minecraft:picked_up":{"minecraft:crafting_table":1,"minecraft:diamond_sword":5,"minecraft:magma_cube_spawn_egg":128,"minecraft:ghast_spawn_egg":128,"minecraft:item_frame":2,"minecraft:experience_bottle":3886,"minecraft:oak_sign":4,"minecraft:netherite_sword":4,"minecraft:calcite":1,"minecraft:enchanted_golden_apple":1,"minecraft:sugar_cane":2,"minecraft:mule_spawn_egg":13,"minecraft:dark_oak_sapling":17,"minecraft:stick":4,"minecraft:stone":3,"minecraft:glow_item_frame":177,"minecraft:frog_spawn_egg":64,"minecraft:arrow":8,"minecraft:rotten_flesh":1,"minecraft:gold_ingot":18,"minecraft:netherite_chestplate":11,"minecraft:obsidian":1,"minecraft:cobblestone":12,"minecraft:netherite_boots":10,"minecraft:dune_armor_trim_smithing_template":1,"minecraft:cooked_beef":65,"minecraft:filled_map":163,"minecraft:gunpowder":2,"minecraft:netherite_leggings":8,"minecraft:wooden_hoe":1,"minecraft:dirt":960,"minecraft:paper":1482,"minecraft:bone":9,"minecraft:apple":1,"minecraft:bow":1,"minecraft:wheat_seeds":5,"minecraft:creeper_spawn_egg":64,"minecraft:llama_spawn_egg":64,"minecraft:pillager_spawn_egg":195,"minecraft:sweet_berries":1,"minecraft:sea_lantern":1,"minecraft:netherite_helmet":8,"minecraft:writable_book":1,"minecraft:diamond_axe":3,"minecraft:golden_apple":33,"minecraft:goat_spawn_egg":64,"minecraft:diamond_pickaxe":2},"minecraft:dropped":{"minecraft:wheat_seeds":1,"minecraft:diamond_axe":3,"minecraft:mossy_cobblestone":1,"minecraft:diamond":64,"minecraft:dark_oak_sapling":12,"minecraft:diamond_leggings":1,"minecraft:netherite_chestplate":6,"minecraft:netherite_helmet":3,"minecraft:cobblestone":7,"minecraft:apple":1,"minecraft:grass_block":3,"minecraft:golden_apple":34,"minecraft:dirt":1,"minecraft:dark_oak_leaves":5,"minecraft:dark_oak_log":12,"minecraft:netherite_boots":5,"minecraft:writable_book":1,"minecraft:iron_pickaxe":1,"minecraft:paper":366,"minecraft:bone":2,"minecraft:farmland":1,"minecraft:sweet_berries":2,"minecraft:sugar_cane":3,"minecraft:player_head":1,"minecraft:lime_concrete":2,"minecraft:netherite_sword":3,"minecraft:obsidian":1,"minecraft:experience_bottle":2177,"minecraft:enchanted_golden_apple":2,"minecraft:totem_of_undying":3,"minecraft:oak_sign":3,"minecraft:blue_stained_glass":64,"minecraft:netherite_leggings":3,"minecraft:purple_stained_glass":64,"minecraft:filled_map":4,"minecraft:diamond_sword":2,"minecraft:red_mushroom_block":5,"minecraft:sea_lantern":1,"minecraft:stone":7,"minecraft:cow_spawn_egg":1,"minecraft:arrow":2,"minecraft:brown_stained_glass":64,"minecraft:green_stained_glass":64},"minecraft:crafted":{"minecraft:netherite_helmet":1,"minecraft:emerald":18,"minecraft:book":41,"minecraft:netherite_ingot":1},"minecraft:killed":{"minecraft:zombified_piglin":1,"minecraft:skeleton":8,"minecraft:creeper":1,"minecraft:zombie":1,"minecraft:wither_skeleton":1,"minecraft:villager":3},"minecraft:custom":{"minecraft:interact_with_smithing_table":3,"minecraft:interact_with_anvil":2,"minecraft:mob_kills":15,"minecraft:interact_with_crafting_table":30,"minecraft:open_shulker_box":21,"minecraft:damage_dealt_resisted":20272,"minecraft:leave_game":51,"minecraft:time_since_death":335519,"minecraft:climb_one_cm":987,"minecraft:damage_resisted":25362,"minecraft:sprint_one_cm":597216,"minecraft:walk_one_cm":382130,"minecraft:drop":148,"minecraft:talked_to_villager":11,"minecraft:play_time":1776802,"minecraft:deaths":4,"minecraft:sneak_time":8446,"minecraft:walk_under_water_one_cm":15540,"minecraft:jump":6963,"minecraft:walk_on_water_one_cm":41527,"minecraft:enchant_item":10,"minecraft:total_world_time":1776802,"minecraft:traded_with_villager":18,"minecraft:time_since_rest":335519,"minecraft:damage_taken":2344,"minecraft:damage_absorbed":90,"minecraft:damage_dealt":8154,"minecraft:swim_one_cm":3161,"minecraft:fly_one_cm":11335668,"minecraft:open_chest":366,"minecraft:crouch_one_cm":7477,"minecraft:fall_one_cm":18194},"minecraft:used":{"minecraft:moss_block":3,"minecraft:netherite_sword":48,"minecraft:writable_book":2,"minecraft:enchanting_table":2,"minecraft:redstone_ore":2,"minecraft:armor_stand":5,"minecraft:oak_sign":44,"minecraft:mycelium":1,"minecraft:chest":7,"minecraft:stone":356,"minecraft:player_head":21,"minecraft:oak_door":3,"minecraft:dirt":2,"minecraft:anvil":4,"minecraft:skeleton_spawn_egg":101,"minecraft:diamond_helmet":1,"minecraft:granite":15,"minecraft:red_shulker_box":1,"minecraft:honey_block":4,"minecraft:sea_lantern":42,"minecraft:bookshelf":31,"minecraft:coal_ore":1,"minecraft:villager_spawn_egg":3,"minecraft:grass_block":25,"minecraft:copper_ore":2,"minecraft:dark_oak_leaves":26,"minecraft:totem_of_undying":5,"minecraft:item_frame":179,"minecraft:diamond_chestplate":1,"minecraft:lime_concrete":2,"minecraft:magma_block":1,"minecraft:emerald_block":1,"minecraft:netherite_pickaxe":4,"minecraft:cooked_beef":4,"minecraft:enchanted_golden_apple":2,"minecraft:pointed_dripstone":9,"minecraft:calcite":168,"minecraft:end_rod":10,"minecraft:diamond_boots":2,"minecraft:cow_spawn_egg":9,"minecraft:prismarine":1,"minecraft:redstone_block":10,"minecraft:sandstone":1,"minecraft:red_mushroom_block":8,"minecraft:sugar_cane":14,"minecraft:diamond_axe":3,"minecraft:glow_ink_sac":1,"minecraft:gold_ore":20,"minecraft:conduit":1,"minecraft:glow_item_frame":103,"minecraft:dark_oak_trapdoor":1,"minecraft:crafting_table":4,"minecraft:sponge":1,"minecraft:lime_shulker_box":1,"minecraft:infested_stone_bricks":2,"minecraft:lightning_rod":1,"minecraft:redstone_torch":1,"minecraft:purple_stained_glass":1,"minecraft:diamond_pickaxe":12,"minecraft:light":36,"minecraft:red_sandstone":1,"minecraft:black_concrete":2,"minecraft:dark_oak_log":5,"minecraft:command_block":13,"minecraft:string":5,"minecraft:verdant_froglight":2,"minecraft:map":2,"minecraft:lectern":13,"minecraft:leather_helmet":1,"minecraft:spruce_trapdoor":4,"minecraft:diamond_ore":2,"minecraft:stone_axe":4,"minecraft:diamond_sword":4,"minecraft:cobblestone":30,"minecraft:smithing_table":2,"minecraft:andesite":13,"minecraft:chain":3,"minecraft:white_concrete":268,"minecraft:diamond_leggings":2,"minecraft:splash_potion":8,"minecraft:green_stained_glass":1},"minecraft:mined":{"minecraft:stone":13,"minecraft:cobblestone":1,"minecraft:gold_ore":2},"minecraft:killed_by":{"minecraft:player":1}},"DataVersion":3700}