{"stats":{"minecraft:dropped":{"minecraft:farmland":1,"minecraft:wheat_seeds":1,"minecraft:diamond_axe":3,"minecraft:player_head":1,"minecraft:netherite_helmet":3,"minecraft:netherite_sword":1,"minecraft:dark_oak_sapling":12,"minecraft:experience_bottle":2177,"minecraft:netherite_chestplate":6,"minecraft:obsidian":1,"minecraft:cobblestone":7,"minecraft:apple":1,"minecraft:totem_of_undying":1,"minecraft:grass_block":3,"minecraft:blue_stained_glass":64,"minecraft:golden_apple":2,"minecraft:netherite_leggings":3,"minecraft:purple_stained_glass":64,"minecraft:diamond_sword":1,"minecraft:sea_lantern":1,"minecraft:dirt":1,"minecraft:red_mushroom_block":5,"minecraft:dark_oak_leaves":4,"minecraft:stone":7,"minecraft:dark_oak_log":12,"minecraft:netherite_boots":5,"minecraft:writable_book":1,"minecraft:cow_spawn_egg":1,"minecraft:arrow":2,"minecraft:iron_pickaxe":1,"minecraft:brown_stained_glass":64,"minecraft:paper":19,"minecraft:green_stained_glass":64,"minecraft:bone":2},"minecraft:crafted":{"minecraft:netherite_helmet":1,"minecraft:netherite_ingot":1},"minecraft:picked_up":{"minecraft:netherite_boots":10,"minecraft:crafting_table":1,"minecraft:cooked_beef":65,"minecraft:diamond_sword":4,"minecraft:gunpowder":2,"minecraft:wooden_hoe":1,"minecraft:netherite_leggings":8,"minecraft:paper":75,"minecraft:item_frame":2,"minecraft:experience_bottle":3886,"minecraft:bone":8,"minecraft:apple":1,"minecraft:bow":1,"minecraft:wheat_seeds":1,"minecraft:netherite_sword":2,"minecraft:dark_oak_sapling":12,"minecraft:stone":3,"minecraft:sea_lantern":1,"minecraft:arrow":8,"minecraft:rotten_flesh":1,"minecraft:netherite_helmet":8,"minecraft:writable_book":1,"minecraft:diamond_axe":3,"minecraft:golden_apple":1,"minecraft:gold_ingot":18,"minecraft:netherite_chestplate":11,"minecraft:obsidian":1,"minecraft:diamond_pickaxe":2,"minecraft:cobblestone":10},"minecraft:used":{"minecraft:moss_block":3,"minecraft:netherite_sword":46,"minecraft:enchanting_table":2,"minecraft:end_rod":10,"minecraft:writable_book":2,"minecraft:cow_spawn_egg":9,"minecraft:armor_stand":1,"minecraft:prismarine":1,"minecraft:oak_sign":17,"minecraft:mycelium":1,"minecraft:chest":1,"minecraft:sandstone":1,"minecraft:red_mushroom_block":8,"minecraft:redstone_block":10,"minecraft:diamond_axe":3,"minecraft:glow_ink_sac":1,"minecraft:player_head":21,"minecraft:gold_ore":20,"minecraft:conduit":1,"minecraft:oak_door":3,"minecraft:dirt":2,"minecraft:anvil":1,"minecraft:skeleton_spawn_egg":101,"minecraft:crafting_table":3,"minecraft:granite":15,"minecraft:infested_stone_bricks":2,"minecraft:lightning_rod":1,"minecraft:redstone_torch":1,"minecraft:purple_stained_glass":1,"minecraft:red_sandstone":1,"minecraft:diamond_pickaxe":12,"minecraft:light":36,"minecraft:sea_lantern":42,"minecraft:bookshelf":31,"minecraft:dark_oak_log":5,"minecraft:command_block":12,"minecraft:grass_block":12,"minecraft:verdant_froglight":2,"minecraft:map":2,"minecraft:dark_oak_leaves":1,"minecraft:totem_of_undying":3,"minecraft:item_frame":168,"minecraft:diamond_sword":4,"minecraft:cobblestone":30,"minecraft:magma_block":1,"minecraft:smithing_table":1,"minecraft:netherite_pickaxe":2,"minecraft:chain":3,"minecraft:cooked_beef":4,"minecraft:white_concrete":268,"minecraft:pointed_dripstone":9,"minecraft:green_stained_glass":1},"minecraft:mined":{"minecraft:stone":12,"minecraft:gold_ore":2},"minecraft:custom":{"minecraft:interact_with_smithing_table":1,"minecraft:mob_kills":10,"minecraft:interact_with_crafting_table":4,"minecraft:damage_dealt_resisted":20272,"minecraft:leave_game":43,"minecraft:time_since_death":410081,"minecraft:climb_one_cm":244,"minecraft:damage_resisted":25362,"minecraft:time_since_rest":410081,"minecraft:damage_absorbed":90,"minecraft:sprint_one_cm":227076,"minecraft:damage_taken":1484,"minecraft:walk_one_cm":207136,"minecraft:drop":113,"minecraft:damage_dealt":7208,"minecraft:swim_one_cm":2599,"minecraft:fly_one_cm":8116208,"minecraft:open_chest":183,"minecraft:crouch_one_cm":4026,"minecraft:play_time":908342,"minecraft:deaths":1,"minecraft:sneak_time":4434,"minecraft:walk_under_water_one_cm":11058,"minecraft:jump":3017,"minecraft:walk_on_water_one_cm":15582,"minecraft:enchant_item":10,"minecraft:total_world_time":908342,"minecraft:fall_one_cm":9880},"minecraft:killed_by":{"minecraft:player":1},"minecraft:killed":{"minecraft:zombified_piglin":1,"minecraft:creeper":1,"minecraft:skeleton":6,"minecraft:zombie":1,"minecraft:wither_skeleton":1}},"DataVersion":3700}