{"stats":{"minecraft:crafted":{"minecraft:netherite_helmet":1,"minecraft:emerald":18,"minecraft:book":41,"minecraft:netherite_ingot":1},"minecraft:custom":{"minecraft:interact_with_smithing_table":4,"minecraft:interact_with_anvil":2,"minecraft:mob_kills":16,"minecraft:interact_with_crafting_table":37,"minecraft:open_shulker_box":43,"minecraft:damage_dealt_resisted":20272,"minecraft:leave_game":55,"minecraft:time_since_death":280337,"minecraft:damage_resisted":25533,"minecraft:climb_one_cm":987,"minecraft:sprint_one_cm":978412,"minecraft:walk_one_cm":592198,"minecraft:drop":305,"minecraft:talked_to_villager":11,"minecraft:play_time":2372397,"minecraft:deaths":7,"minecraft:sneak_time":10914,"minecraft:walk_under_water_one_cm":19456,"minecraft:jump":10657,"minecraft:walk_on_water_one_cm":49484,"minecraft:enchant_item":10,"minecraft:total_world_time":2372397,"minecraft:traded_with_villager":18,"minecraft:time_since_rest":280337,"minecraft:damage_taken":2719,"minecraft:damage_absorbed":204,"minecraft:damage_dealt":8541,"minecraft:swim_one_cm":3784,"minecraft:fly_one_cm":13740641,"minecraft:open_chest":401,"minecraft:crouch_one_cm":9788,"minecraft:fall_one_cm":28187},"minecraft:killed":{"minecraft:zombified_piglin":1,"minecraft:skeleton":8,"minecraft:creeper":1,"minecraft:zombie":1,"minecraft:wither_skeleton":1,"minecraft:villager":4},"minecraft:killed_by":{"minecraft:player":1},"minecraft:picked_up":{"minecraft:crafting_table":1,"minecraft:diamond_sword":5,"minecraft:magma_cube_spawn_egg":128,"minecraft:string":2,"minecraft:armor_stand":1,"minecraft:netherite_scrap":2,"minecraft:item_frame":2,"minecraft:ghast_spawn_egg":128,"minecraft:netherite_ingot":1,"minecraft:experience_bottle":3886,"minecraft:oak_sign":5,"minecraft:diamond_leggings":1,"minecraft:netherite_sword":4,"minecraft:crimson_fence":1,"minecraft:player_head":4,"minecraft:calcite":1,"minecraft:enchanted_golden_apple":5,"minecraft:sugar_cane":2,"minecraft:mule_spawn_egg":13,"minecraft:dark_oak_sapling":17,"minecraft:stick":4,"minecraft:stone":3,"minecraft:glow_item_frame":178,"minecraft:frog_spawn_egg":64,"minecraft:arrow":8,"minecraft:rotten_flesh":1,"minecraft:totem_of_undying":2,"minecraft:gold_ingot":18,"minecraft:netherite_chestplate":11,"minecraft:obsidian":1,"minecraft:cobblestone":37,"minecraft:netherite_boots":10,"minecraft:dune_armor_trim_smithing_template":1,"minecraft:leather_chestplate":1,"minecraft:cooked_beef":65,"minecraft:filled_map":163,"minecraft:acacia_boat":11,"minecraft:gunpowder":2,"minecraft:netherite_leggings":8,"minecraft:wooden_hoe":1,"minecraft:dirt":969,"minecraft:paper":1524,"minecraft:bone":9,"minecraft:apple":17,"minecraft:bow":1,"minecraft:wheat_seeds":5,"minecraft:creeper_spawn_egg":64,"minecraft:iron_ingot":5,"minecraft:diamond_helmet":1,"minecraft:llama_spawn_egg":64,"minecraft:pillager_spawn_egg":195,"minecraft:sweet_berries":2,"minecraft:structure_void":64,"minecraft:sea_lantern":1,"minecraft:diamond":46,"minecraft:netherite_helmet":8,"minecraft:lever":65,"minecraft:writable_book":1,"minecraft:diamond_axe":3,"minecraft:golden_apple":97,"minecraft:gray_wool":128,"minecraft:goat_spawn_egg":64,"minecraft:diamond_pickaxe":2},"minecraft:dropped":{"minecraft:iron_ingot":5,"minecraft:acacia_boat":35,"minecraft:black_dye":10,"minecraft:wheat_seeds":1,"minecraft:diamond_axe":3,"minecraft:copper_block":1,"minecraft:mossy_cobblestone":1,"minecraft:diamond":72,"minecraft:dark_oak_sapling":12,"minecraft:diamond_leggings":3,"minecraft:netherite_helmet":3,"minecraft:netherite_chestplate":6,"minecraft:cobblestone":32,"minecraft:glow_item_frame":2,"minecraft:apple":17,"minecraft:grass_block":4,"minecraft:golden_apple":98,"minecraft:structure_void":64,"minecraft:emerald":1,"minecraft:dirt":7,"minecraft:dark_oak_leaves":5,"minecraft:gray_wool":128,"minecraft:dark_oak_log":12,"minecraft:netherite_scrap":1,"minecraft:netherite_boots":5,"minecraft:diamond_helmet":2,"minecraft:writable_book":1,"minecraft:crimson_fence":1,"minecraft:iron_pickaxe":1,"minecraft:paper":425,"minecraft:string":3,"minecraft:redstone_block":2,"minecraft:armor_stand":2,"minecraft:bone":2,"minecraft:farmland":1,"minecraft:sweet_berries":2,"minecraft:sugar_cane":3,"minecraft:lever":64,"minecraft:player_head":1,"minecraft:netherite_ingot":1,"minecraft:lime_concrete":2,"minecraft:netherite_sword":3,"minecraft:experience_bottle":2177,"minecraft:obsidian":1,"minecraft:enchanted_golden_apple":11,"minecraft:totem_of_undying":4,"minecraft:oak_sign":4,"minecraft:blue_stained_glass":64,"minecraft:netherite_leggings":3,"minecraft:purple_stained_glass":64,"minecraft:leather_chestplate":2,"minecraft:filled_map":4,"minecraft:diamond_sword":2,"minecraft:poppy":1,"minecraft:sea_lantern":1,"minecraft:red_mushroom_block":5,"minecraft:stone":7,"minecraft:dune_armor_trim_smithing_template":1,"minecraft:diamond_chestplate":2,"minecraft:cow_spawn_egg":1,"minecraft:diamond_boots":2,"minecraft:arrow":2,"minecraft:brown_stained_glass":64,"minecraft:green_stained_glass":64},"minecraft:mined":{"minecraft:stone":13,"minecraft:player_head":3,"minecraft:cobblestone":1,"minecraft:gold_ore":2,"minecraft:crimson_fence":1},"minecraft:used":{"minecraft:moss_block":3,"minecraft:netherite_sword":52,"minecraft:writable_book":2,"minecraft:enchanting_table":2,"minecraft:redstone_ore":2,"minecraft:armor_stand":5,"minecraft:oak_sign":48,"minecraft:mycelium":1,"minecraft:chest":7,"minecraft:stone":356,"minecraft:player_head":21,"minecraft:oak_door":3,"minecraft:dirt":2,"minecraft:anvil":4,"minecraft:skeleton_spawn_egg":101,"minecraft:diamond_helmet":1,"minecraft:granite":15,"minecraft:wooden_axe":9,"minecraft:red_shulker_box":3,"minecraft:honey_block":4,"minecraft:sea_lantern":42,"minecraft:coal_ore":1,"minecraft:bookshelf":31,"minecraft:villager_spawn_egg":3,"minecraft:grass_block":31,"minecraft:copper_ore":2,"minecraft:dark_oak_leaves":28,"minecraft:totem_of_undying":6,"minecraft:item_frame":179,"minecraft:diamond_chestplate":1,"minecraft:magma_block":1,"minecraft:lime_concrete":2,"minecraft:emerald_block":3,"minecraft:netherite_pickaxe":4,"minecraft:cooked_beef":4,"minecraft:dragon_head":1,"minecraft:enchanted_golden_apple":20,"minecraft:pointed_dripstone":9,"minecraft:calcite":193,"minecraft:end_rod":10,"minecraft:cow_spawn_egg":9,"minecraft:diamond_boots":2,"minecraft:prismarine":1,"minecraft:copper_block":1,"minecraft:leather_chestplate":1,"minecraft:sandstone":1,"minecraft:red_mushroom_block":8,"minecraft:redstone_block":60,"minecraft:diamond_axe":3,"minecraft:parrot_spawn_egg":3,"minecraft:sugar_cane":14,"minecraft:glow_ink_sac":1,"minecraft:gold_ore":20,"minecraft:conduit":1,"minecraft:white_wool":4,"minecraft:glow_item_frame":123,"minecraft:golden_apple":2,"minecraft:dark_oak_trapdoor":1,"minecraft:crafting_table":4,"minecraft:sponge":1,"minecraft:lime_shulker_box":1,"minecraft:infested_stone_bricks":2,"minecraft:lightning_rod":1,"minecraft:redstone_torch":1,"minecraft:purple_stained_glass":1,"minecraft:lever":1,"minecraft:ender_eye":7,"minecraft:diamond_pickaxe":12,"minecraft:light":36,"minecraft:red_sandstone":1,"minecraft:black_concrete":2,"minecraft:dark_oak_log":5,"minecraft:command_block":13,"minecraft:string":5,"minecraft:verdant_froglight":2,"minecraft:map":2,"minecraft:lectern":13,"minecraft:leather_helmet":1,"minecraft:spruce_trapdoor":4,"minecraft:diamond_ore":2,"minecraft:yellow_wool":4,"minecraft:stone_axe":4,"minecraft:diamond_sword":4,"minecraft:cobblestone":30,"minecraft:smithing_table":2,"minecraft:andesite":13,"minecraft:chain":3,"minecraft:white_concrete":268,"minecraft:gray_wool":10,"minecraft:diamond_leggings":2,"minecraft:splash_potion":8,"minecraft:green_stained_glass":1}},"DataVersion":3700}