{"stats":{"minecraft:custom":{"minecraft:interact_with_smithing_table":1,"minecraft:mob_kills":12,"minecraft:interact_with_anvil":1,"minecraft:interact_with_crafting_table":4,"minecraft:open_shulker_box":15,"minecraft:damage_dealt_resisted":20272,"minecraft:leave_game":48,"minecraft:time_since_death":110177,"minecraft:climb_one_cm":396,"minecraft:damage_resisted":25362,"minecraft:time_since_rest":110177,"minecraft:damage_absorbed":90,"minecraft:sprint_one_cm":414864,"minecraft:damage_taken":1514,"minecraft:walk_one_cm":289492,"minecraft:drop":126,"minecraft:damage_dealt":7678,"minecraft:swim_one_cm":3161,"minecraft:fly_one_cm":9731113,"minecraft:open_chest":328,"minecraft:crouch_one_cm":5469,"minecraft:play_time":1310200,"minecraft:deaths":3,"minecraft:sneak_time":6579,"minecraft:walk_under_water_one_cm":13670,"minecraft:jump":5012,"minecraft:walk_on_water_one_cm":19631,"minecraft:enchant_item":10,"minecraft:total_world_time":1310200,"minecraft:fall_one_cm":9880},"minecraft:dropped":{"minecraft:farmland":1,"minecraft:sugar_cane":3,"minecraft:wheat_seeds":1,"minecraft:diamond_axe":3,"minecraft:player_head":1,"minecraft:netherite_helmet":3,"minecraft:lime_concrete":1,"minecraft:experience_bottle":2177,"minecraft:netherite_sword":3,"minecraft:dark_oak_sapling":12,"minecraft:netherite_chestplate":6,"minecraft:obsidian":1,"minecraft:cobblestone":7,"minecraft:apple":1,"minecraft:oak_sign":1,"minecraft:totem_of_undying":1,"minecraft:blue_stained_glass":64,"minecraft:grass_block":3,"minecraft:golden_apple":34,"minecraft:netherite_leggings":3,"minecraft:diamond_sword":2,"minecraft:purple_stained_glass":64,"minecraft:sea_lantern":1,"minecraft:filled_map":1,"minecraft:dirt":1,"minecraft:red_mushroom_block":5,"minecraft:dark_oak_leaves":4,"minecraft:dark_oak_log":12,"minecraft:stone":7,"minecraft:netherite_boots":5,"minecraft:writable_book":1,"minecraft:cow_spawn_egg":1,"minecraft:arrow":2,"minecraft:iron_pickaxe":1,"minecraft:brown_stained_glass":64,"minecraft:paper":43,"minecraft:green_stained_glass":64,"minecraft:bone":2},"minecraft:killed_by":{"minecraft:player":1},"minecraft:mined":{"minecraft:cobblestone":1,"minecraft:stone":13,"minecraft:gold_ore":2},"minecraft:killed":{"minecraft:zombified_piglin":1,"minecraft:creeper":1,"minecraft:skeleton":8,"minecraft:zombie":1,"minecraft:wither_skeleton":1},"minecraft:used":{"minecraft:calcite":93,"minecraft:moss_block":3,"minecraft:netherite_sword":46,"minecraft:end_rod":10,"minecraft:writable_book":2,"minecraft:cow_spawn_egg":9,"minecraft:enchanting_table":2,"minecraft:redstone_ore":2,"minecraft:armor_stand":1,"minecraft:prismarine":1,"minecraft:oak_sign":36,"minecraft:mycelium":1,"minecraft:chest":2,"minecraft:sandstone":1,"minecraft:stone":354,"minecraft:red_mushroom_block":8,"minecraft:redstone_block":10,"minecraft:glow_ink_sac":1,"minecraft:diamond_axe":3,"minecraft:sugar_cane":14,"minecraft:player_head":21,"minecraft:gold_ore":20,"minecraft:conduit":1,"minecraft:oak_door":3,"minecraft:glow_item_frame":39,"minecraft:dirt":2,"minecraft:anvil":3,"minecraft:skeleton_spawn_egg":101,"minecraft:crafting_table":3,"minecraft:sponge":1,"minecraft:lime_shulker_box":1,"minecraft:infested_stone_bricks":2,"minecraft:granite":15,"minecraft:lightning_rod":1,"minecraft:redstone_torch":1,"minecraft:purple_stained_glass":1,"minecraft:light":36,"minecraft:red_sandstone":1,"minecraft:red_shulker_box":1,"minecraft:sea_lantern":42,"minecraft:diamond_pickaxe":12,"minecraft:black_concrete":2,"minecraft:coal_ore":1,"minecraft:bookshelf":31,"minecraft:dark_oak_log":5,"minecraft:command_block":12,"minecraft:grass_block":25,"minecraft:map":2,"minecraft:verdant_froglight":2,"minecraft:copper_ore":2,"minecraft:leather_helmet":1,"minecraft:dark_oak_leaves":21,"minecraft:diamond_ore":2,"minecraft:totem_of_undying":3,"minecraft:item_frame":179,"minecraft:stone_axe":4,"minecraft:diamond_sword":4,"minecraft:cobblestone":30,"minecraft:magma_block":1,"minecraft:smithing_table":1,"minecraft:netherite_pickaxe":4,"minecraft:chain":3,"minecraft:white_concrete":268,"minecraft:cooked_beef":4,"minecraft:green_stained_glass":1,"minecraft:pointed_dripstone":9},"minecraft:crafted":{"minecraft:netherite_helmet":1,"minecraft:netherite_ingot":1},"minecraft:picked_up":{"minecraft:netherite_boots":10,"minecraft:crafting_table":1,"minecraft:cooked_beef":65,"minecraft:diamond_sword":5,"minecraft:gunpowder":2,"minecraft:wooden_hoe":1,"minecraft:netherite_leggings":8,"minecraft:paper":648,"minecraft:item_frame":2,"minecraft:experience_bottle":3886,"minecraft:bone":9,"minecraft:oak_sign":2,"minecraft:apple":1,"minecraft:bow":1,"minecraft:wheat_seeds":5,"minecraft:netherite_sword":4,"minecraft:sugar_cane":2,"minecraft:dark_oak_sapling":17,"minecraft:stick":4,"minecraft:stone":3,"minecraft:glow_item_frame":1,"minecraft:sea_lantern":1,"minecraft:arrow":8,"minecraft:rotten_flesh":1,"minecraft:netherite_helmet":8,"minecraft:writable_book":1,"minecraft:diamond_axe":3,"minecraft:golden_apple":33,"minecraft:netherite_chestplate":11,"minecraft:gold_ingot":18,"minecraft:obsidian":1,"minecraft:cobblestone":12,"minecraft:diamond_pickaxe":2}},"DataVersion":3700}