{"stats":{"minecraft:custom":{"minecraft:time_since_rest":5948,"minecraft:open_chest":3,"minecraft:crouch_one_cm":1567,"minecraft:play_time":5948,"minecraft:sprint_one_cm":13897,"minecraft:walk_one_cm":7556,"minecraft:damage_taken":10,"minecraft:sneak_time":379,"minecraft:walk_under_water_one_cm":375,"minecraft:drop":1,"minecraft:damage_dealt_resisted":43260,"minecraft:jump":196,"minecraft:damage_dealt":0,"minecraft:time_since_death":5948,"minecraft:walk_on_water_one_cm":341,"minecraft:total_world_time":5948,"minecraft:swim_one_cm":42,"minecraft:fall_one_cm":4240,"minecraft:fly_one_cm":47310},"minecraft:dropped":{"minecraft:netherite_sword":1},"minecraft:used":{"minecraft:netherite_sword":31,"minecraft:stone":18,"minecraft:calibrated_sculk_sensor":2},"minecraft:picked_up":{"minecraft:dark_oak_sapling":1,"minecraft:stick":2,"minecraft:wheat_seeds":3}},"DataVersion":3700}