{"stats":{"minecraft:custom":{"minecraft:time_since_rest":59948,"minecraft:open_chest":3,"minecraft:crouch_one_cm":17199,"minecraft:play_time":59948,"minecraft:sprint_one_cm":33244,"minecraft:walk_one_cm":54057,"minecraft:damage_taken":10,"minecraft:sneak_time":11537,"minecraft:walk_under_water_one_cm":375,"minecraft:drop":1,"minecraft:damage_dealt_resisted":43260,"minecraft:jump":456,"minecraft:damage_dealt":0,"minecraft:time_since_death":59948,"minecraft:walk_on_water_one_cm":341,"minecraft:climb_one_cm":39,"minecraft:total_world_time":59948,"minecraft:swim_one_cm":42,"minecraft:fall_one_cm":4240,"minecraft:fly_one_cm":409092},"minecraft:dropped":{"minecraft:netherite_sword":1},"minecraft:used":{"minecraft:green_terracotta":1,"minecraft:glow_item_frame":1,"minecraft:black_concrete":5,"minecraft:netherite_sword":31,"minecraft:mossy_cobblestone":5,"minecraft:glowstone":7,"minecraft:dirt":235,"minecraft:vine":49,"minecraft:stripped_jungle_log":1,"minecraft:gray_glazed_terracotta":1,"minecraft:grass_block":8,"minecraft:stone":673,"minecraft:coarse_dirt":137,"minecraft:cyan_wool":1,"minecraft:calibrated_sculk_sensor":2},"minecraft:picked_up":{"minecraft:dark_oak_sapling":1,"minecraft:stick":2,"minecraft:glow_item_frame":2,"minecraft:wheat_seeds":4,"minecraft:filled_map":3,"minecraft:paper":1}},"DataVersion":3700}