{"stats":{"minecraft:picked_up":{"minecraft:jungle_pressure_plate":1,"minecraft:tripwire_hook":1,"minecraft:filled_map":3,"minecraft:stone_brick_stairs":1,"minecraft:dirt":2,"minecraft:paper":9,"minecraft:moss_carpet":5,"minecraft:bone":36,"minecraft:bow":2,"minecraft:wheat_seeds":4,"minecraft:enchanted_golden_apple":1,"minecraft:glowstone_dust":8,"minecraft:tipped_arrow":1477,"minecraft:dark_oak_sapling":1,"minecraft:stick":2,"minecraft:glow_item_frame":2,"minecraft:birch_stairs":64,"minecraft:bamboo_mosaic":64,"minecraft:arrow":40,"minecraft:diamond":64},"minecraft:dropped":{"minecraft:detector_rail":64,"minecraft:jukebox":64,"minecraft:sticky_piston":64,"minecraft:netherite_sword":1,"minecraft:bamboo_mosaic":64,"minecraft:glowstone_dust":8,"minecraft:mossy_stone_brick_stairs":1,"minecraft:activator_rail":64,"minecraft:grass_block":1,"minecraft:tipped_arrow":64,"minecraft:mossy_stone_bricks":1,"minecraft:paper":8,"minecraft:stone_brick_stairs":1,"minecraft:birch_stairs":64,"minecraft:armor_stand":1},"minecraft:killed":{"minecraft:skeleton":24},"minecraft:custom":{"minecraft:mob_kills":26,"minecraft:interact_with_anvil":1,"minecraft:interact_with_crafting_table":1,"minecraft:damage_dealt_resisted":43260,"minecraft:leave_game":2,"minecraft:time_since_death":61160,"minecraft:climb_one_cm":51,"minecraft:time_since_rest":61160,"minecraft:sprint_one_cm":70264,"minecraft:damage_taken":10,"minecraft:walk_one_cm":148183,"minecraft:drop":22,"minecraft:damage_dealt":786,"minecraft:swim_one_cm":617,"minecraft:fly_one_cm":1270431,"minecraft:open_chest":59,"minecraft:crouch_one_cm":46572,"minecraft:play_time":170752,"minecraft:deaths":1,"minecraft:sneak_time":21334,"minecraft:walk_under_water_one_cm":1105,"minecraft:jump":906,"minecraft:walk_on_water_one_cm":1136,"minecraft:total_world_time":170752,"minecraft:inspect_dispenser":30,"minecraft:fall_one_cm":4240},"minecraft:used":{"minecraft:calcite":2,"minecraft:azalea":3,"minecraft:moss_block":4,"minecraft:zombie_horse_spawn_egg":2,"minecraft:moss_carpet":127,"minecraft:mossy_stone_bricks":8,"minecraft:netherite_sword":47,"minecraft:bamboo_mosaic":5,"minecraft:dead_tube_coral_block":4,"minecraft:birch_planks":1,"minecraft:stripped_birch_log":3,"minecraft:dispenser":25,"minecraft:oak_planks":2,"minecraft:chest":1,"minecraft:cherry_planks":3,"minecraft:stone":693,"minecraft:jungle_pressure_plate":17,"minecraft:calibrated_sculk_sensor":2,"minecraft:green_terracotta":1,"minecraft:glow_item_frame":1,"minecraft:dragon_egg":2,"minecraft:mossy_cobblestone":72,"minecraft:diamond_block":11,"minecraft:dirt":368,"minecraft:skeleton_spawn_egg":30,"minecraft:vine":49,"minecraft:orange_glazed_terracotta":2,"minecraft:jungle_planks":2,"minecraft:bamboo_block":1,"minecraft:blackstone_wall":35,"minecraft:dripstone_block":7,"minecraft:tuff":8,"minecraft:brown_glazed_terracotta":4,"minecraft:cyan_wool":1,"minecraft:dead_brain_coral_block":2,"minecraft:warped_planks":2,"minecraft:fern":4,"minecraft:mud":2,"minecraft:dark_oak_planks":2,"minecraft:brown_terracotta":4,"minecraft:wooden_hoe":1,"minecraft:black_concrete":5,"minecraft:stripped_jungle_log":1,"minecraft:stripped_bamboo_block":4,"minecraft:birch_slab":6,"minecraft:muddy_mangrove_roots":2,"minecraft:grass_block":18,"minecraft:string":38,"minecraft:barrier":10,"minecraft:packed_mud":18,"minecraft:spawner":1,"minecraft:oak_pressure_plate":1,"minecraft:iron_door":1,"minecraft:bamboo_slab":65,"minecraft:mud_bricks":1314,"minecraft:stone_brick_stairs":8,"minecraft:stone_bricks":55,"minecraft:smooth_basalt":3,"minecraft:diamond_chestplate":1,"minecraft:tripwire_hook":13,"minecraft:glowstone":9,"minecraft:emerald_block":1,"minecraft:gray_glazed_terracotta":1,"minecraft:sweet_berries":1,"minecraft:jungle_button":1,"minecraft:mangrove_slab":13,"minecraft:andesite":18,"minecraft:coarse_dirt":145,"minecraft:dragon_head":1,"minecraft:enchanted_golden_apple":1,"minecraft:bone_meal":35,"minecraft:bamboo_planks":4,"minecraft:cobweb":184,"minecraft:birch_stairs":1,"minecraft:pointed_dripstone":7}},"DataVersion":3700}