{"stats":{"minecraft:custom":{"minecraft:mob_kills":1,"minecraft:damage_dealt_resisted":43260,"minecraft:leave_game":1,"minecraft:time_since_death":6371,"minecraft:climb_one_cm":51,"minecraft:time_since_rest":6371,"minecraft:sprint_one_cm":51808,"minecraft:damage_taken":10,"minecraft:walk_one_cm":81416,"minecraft:drop":4,"minecraft:damage_dealt":200,"minecraft:swim_one_cm":42,"minecraft:fly_one_cm":772836,"minecraft:open_chest":9,"minecraft:crouch_one_cm":23558,"minecraft:play_time":115963,"minecraft:deaths":1,"minecraft:sneak_time":15832,"minecraft:walk_under_water_one_cm":375,"minecraft:jump":618,"minecraft:walk_on_water_one_cm":341,"minecraft:total_world_time":115963,"minecraft:fall_one_cm":4240},"minecraft:dropped":{"minecraft:netherite_sword":1,"minecraft:bamboo_mosaic":64,"minecraft:stone_brick_stairs":1,"minecraft:birch_stairs":64},"minecraft:killed":{"minecraft:skeleton":1},"minecraft:used":{"minecraft:calcite":2,"minecraft:azalea":3,"minecraft:moss_block":4,"minecraft:moss_carpet":127,"minecraft:mossy_stone_bricks":4,"minecraft:netherite_sword":34,"minecraft:bamboo_mosaic":5,"minecraft:dead_tube_coral_block":4,"minecraft:birch_planks":1,"minecraft:stripped_birch_log":3,"minecraft:oak_planks":2,"minecraft:cherry_planks":3,"minecraft:stone":693,"minecraft:calibrated_sculk_sensor":2,"minecraft:green_terracotta":1,"minecraft:glow_item_frame":1,"minecraft:dragon_egg":2,"minecraft:mossy_cobblestone":7,"minecraft:diamond_block":2,"minecraft:dirt":368,"minecraft:vine":49,"minecraft:orange_glazed_terracotta":2,"minecraft:jungle_planks":2,"minecraft:bamboo_block":1,"minecraft:blackstone_wall":35,"minecraft:dripstone_block":7,"minecraft:tuff":8,"minecraft:brown_glazed_terracotta":4,"minecraft:cyan_wool":1,"minecraft:dead_brain_coral_block":2,"minecraft:warped_planks":2,"minecraft:fern":4,"minecraft:mud":2,"minecraft:brown_terracotta":4,"minecraft:dark_oak_planks":2,"minecraft:black_concrete":5,"minecraft:stripped_jungle_log":1,"minecraft:stripped_bamboo_block":4,"minecraft:birch_slab":6,"minecraft:grass_block":16,"minecraft:muddy_mangrove_roots":2,"minecraft:barrier":10,"minecraft:packed_mud":18,"minecraft:bamboo_slab":65,"minecraft:mud_bricks":9,"minecraft:stone_brick_stairs":8,"minecraft:stone_bricks":43,"minecraft:smooth_basalt":3,"minecraft:glowstone":7,"minecraft:gray_glazed_terracotta":1,"minecraft:mangrove_slab":13,"minecraft:andesite":18,"minecraft:coarse_dirt":145,"minecraft:dragon_head":1,"minecraft:bone_meal":35,"minecraft:bamboo_planks":4,"minecraft:birch_stairs":1,"minecraft:pointed_dripstone":7},"minecraft:picked_up":{"minecraft:filled_map":3,"minecraft:stone_brick_stairs":1,"minecraft:moss_carpet":5,"minecraft:paper":1,"minecraft:bone":2,"minecraft:wheat_seeds":4,"minecraft:dark_oak_sapling":1,"minecraft:stick":2,"minecraft:glow_item_frame":2,"minecraft:birch_stairs":64,"minecraft:bamboo_mosaic":64,"minecraft:arrow":1}},"DataVersion":3700}