{"stats":{"minecraft:custom":{"minecraft:time_since_rest":17948,"minecraft:open_chest":3,"minecraft:crouch_one_cm":6185,"minecraft:play_time":17948,"minecraft:sprint_one_cm":19429,"minecraft:walk_one_cm":26805,"minecraft:damage_taken":10,"minecraft:sneak_time":1590,"minecraft:walk_under_water_one_cm":375,"minecraft:drop":1,"minecraft:damage_dealt_resisted":43260,"minecraft:jump":301,"minecraft:damage_dealt":0,"minecraft:time_since_death":17948,"minecraft:walk_on_water_one_cm":341,"minecraft:total_world_time":17948,"minecraft:swim_one_cm":42,"minecraft:fall_one_cm":4240,"minecraft:fly_one_cm":174336},"minecraft:dropped":{"minecraft:netherite_sword":1},"minecraft:used":{"minecraft:glow_item_frame":1,"minecraft:black_concrete":1,"minecraft:netherite_sword":31,"minecraft:mossy_cobblestone":5,"minecraft:glowstone":7,"minecraft:stone":227,"minecraft:calibrated_sculk_sensor":2},"minecraft:picked_up":{"minecraft:dark_oak_sapling":1,"minecraft:stick":2,"minecraft:glow_item_frame":1,"minecraft:wheat_seeds":4,"minecraft:filled_map":2}},"DataVersion":3700}