{"stats":{"minecraft:custom":{"minecraft:time_since_rest":77948,"minecraft:sprint_one_cm":46122,"minecraft:damage_taken":10,"minecraft:walk_one_cm":69786,"minecraft:mob_kills":1,"minecraft:drop":1,"minecraft:damage_dealt":200,"minecraft:swim_one_cm":42,"minecraft:fly_one_cm":549901,"minecraft:open_chest":3,"minecraft:crouch_one_cm":20126,"minecraft:play_time":77948,"minecraft:sneak_time":14293,"minecraft:walk_under_water_one_cm":375,"minecraft:jump":500,"minecraft:damage_dealt_resisted":43260,"minecraft:walk_on_water_one_cm":341,"minecraft:time_since_death":77948,"minecraft:total_world_time":77948,"minecraft:climb_one_cm":39,"minecraft:fall_one_cm":4240},"minecraft:dropped":{"minecraft:netherite_sword":1},"minecraft:killed":{"minecraft:skeleton":1},"minecraft:used":{"minecraft:azalea":3,"minecraft:moss_block":4,"minecraft:moss_carpet":127,"minecraft:netherite_sword":34,"minecraft:black_concrete":5,"minecraft:stripped_jungle_log":1,"minecraft:grass_block":15,"minecraft:stone":673,"minecraft:calibrated_sculk_sensor":2,"minecraft:green_terracotta":1,"minecraft:glow_item_frame":1,"minecraft:mossy_cobblestone":5,"minecraft:glowstone":7,"minecraft:dirt":237,"minecraft:vine":49,"minecraft:gray_glazed_terracotta":1,"minecraft:coarse_dirt":145,"minecraft:cyan_wool":1,"minecraft:bone_meal":35,"minecraft:fern":4,"minecraft:pointed_dripstone":7},"minecraft:picked_up":{"minecraft:dark_oak_sapling":1,"minecraft:stick":2,"minecraft:glow_item_frame":2,"minecraft:filled_map":3,"minecraft:paper":1,"minecraft:moss_carpet":5,"minecraft:arrow":1,"minecraft:bone":2,"minecraft:wheat_seeds":4}},"DataVersion":3700}