{"stats":{"minecraft:picked_up":{"minecraft:paper":2,"minecraft:mossy_cobblestone":1,"minecraft:rotten_flesh":4,"minecraft:enchanted_golden_apple":4},"minecraft:dropped":{"minecraft:packed_mud":1,"minecraft:dark_oak_log":1,"minecraft:mangrove_log":1,"minecraft:cherry_log":1,"minecraft:oak_log":1,"minecraft:diamond_chestplate":1,"minecraft:dune_armor_trim_smithing_template":1,"minecraft:mossy_cobblestone":1,"minecraft:jungle_log":1,"minecraft:diamond_leggings":1,"minecraft:pointed_dripstone":1,"minecraft:diamond_helmet":1,"minecraft:iron_helmet":2,"minecraft:leather_leggings":2,"minecraft:rotten_flesh":2,"minecraft:enchanted_golden_apple":4,"minecraft:iron_boots":2,"minecraft:granite_slab":1,"minecraft:spruce_log":1,"minecraft:calcite":2,"minecraft:paper":4,"minecraft:birch_log":1,"minecraft:acacia_log":1,"minecraft:elytra":2},"minecraft:killed":{"minecraft:zombie":1},"minecraft:custom":{"minecraft:time_since_rest":60823,"minecraft:sprint_one_cm":37446,"minecraft:damage_taken":740,"minecraft:walk_one_cm":34115,"minecraft:mob_kills":1,"minecraft:interact_with_anvil":3,"minecraft:drop":35,"minecraft:damage_dealt":190,"minecraft:swim_one_cm":652,"minecraft:fly_one_cm":358673,"minecraft:open_chest":35,"minecraft:crouch_one_cm":1999,"minecraft:open_shulker_box":6,"minecraft:play_time":66888,"minecraft:deaths":1,"minecraft:sneak_time":1528,"minecraft:walk_under_water_one_cm":4025,"minecraft:aviate_one_cm":165,"minecraft:jump":396,"minecraft:leave_game":1,"minecraft:walk_on_water_one_cm":4465,"minecraft:time_since_death":60823,"minecraft:climb_one_cm":125,"minecraft:total_world_time":66888,"minecraft:fall_one_cm":7736},"minecraft:used":{"minecraft:calcite":1,"minecraft:sea_lantern":1,"minecraft:leather_leggings":1,"minecraft:dispenser":7,"minecraft:grass_block":2,"minecraft:verdant_froglight":51,"minecraft:elytra":1,"minecraft:packed_mud":1,"minecraft:chest":23,"minecraft:leather_chestplate":1,"minecraft:mud_bricks":3,"minecraft:totem_of_undying":2,"minecraft:glowstone":21,"minecraft:cracked_stone_bricks":2,"minecraft:granite_slab":1,"minecraft:mossy_cobblestone":2,"minecraft:diamond_helmet":1,"minecraft:ochre_froglight":1,"minecraft:pearlescent_froglight":1,"minecraft:enchanted_golden_apple":1,"minecraft:diamond_leggings":1,"minecraft:pointed_dripstone":15}},"DataVersion":3700}