{"stats":{"minecraft:dropped":{"minecraft:water_bucket":1,"minecraft:wheat_seeds":11,"minecraft:drowned_spawn_egg":64,"minecraft:llama_spawn_egg":192,"minecraft:cherry_log":1,"minecraft:oak_log":1,"minecraft:mule_spawn_egg":13,"minecraft:mossy_cobblestone":1,"minecraft:creeper_spawn_egg":128,"minecraft:diamond_leggings":4,"minecraft:netherite_chestplate":1,"minecraft:dark_oak_slab":1,"minecraft:warden_spawn_egg":1,"minecraft:iron_helmet":2,"minecraft:glow_item_frame":3,"minecraft:rooted_dirt":1,"minecraft:apple":1,"minecraft:acacia_log":1,"minecraft:elytra":2,"minecraft:golden_apple":5,"minecraft:structure_void":4,"minecraft:ghast_spawn_egg":256,"minecraft:dirt":961,"minecraft:packed_mud":1,"minecraft:dark_oak_log":1,"minecraft:polished_diorite_stairs":1,"minecraft:dispenser":1,"minecraft:dark_oak_trapdoor":1,"minecraft:husk_spawn_egg":64,"minecraft:netherite_boots":11,"minecraft:snowball":16,"minecraft:diamond_helmet":4,"minecraft:granite_slab":1,"minecraft:crimson_fence":1,"minecraft:sand":2,"minecraft:paper":517,"minecraft:birch_log":1,"minecraft:bone":1,"minecraft:gold_ingot":1,"minecraft:polished_diorite":1,"minecraft:pillager_spawn_egg":195,"minecraft:player_head":67,"minecraft:coarse_dirt":1,"minecraft:polished_diorite_slab":1,"minecraft:wheat":3,"minecraft:goat_spawn_egg":64,"minecraft:pointed_dripstone":1,"minecraft:rotten_flesh":2,"minecraft:iron_boots":2,"minecraft:enchanted_golden_apple":20,"minecraft:totem_of_undying":1,"minecraft:oak_sign":1,"minecraft:donkey_spawn_egg":128,"minecraft:leather_chestplate":1,"minecraft:sea_lantern":1,"minecraft:mud_bricks":3,"minecraft:mangrove_log":1,"minecraft:diamond_chestplate":4,"minecraft:dune_armor_trim_smithing_template":1,"minecraft:jungle_log":1,"minecraft:glowstone":2,"minecraft:leather_boots":1,"minecraft:chest":2,"minecraft:frog_spawn_egg":192,"minecraft:leather_leggings":3,"minecraft:diamond_boots":3,"minecraft:spruce_log":1,"minecraft:calcite":2,"minecraft:magma_cube_spawn_egg":256,"minecraft:hoglin_spawn_egg":64,"minecraft:glow_squid_spawn_egg":64},"minecraft:used":{"minecraft:netherite_sword":2,"minecraft:flint_and_steel":8,"minecraft:dispenser":7,"minecraft:elytra":6,"minecraft:oak_sign":15,"minecraft:chest":32,"minecraft:zombie_spawn_egg":8,"minecraft:stone":15,"minecraft:player_head":6,"minecraft:netherrack":13,"minecraft:dirt":7,"minecraft:blue_stained_glass":35,"minecraft:chainmail_chestplate":1,"minecraft:diamond_helmet":3,"minecraft:light_blue_stained_glass":30,"minecraft:blue_concrete":10,"minecraft:polished_diorite":44,"minecraft:packed_ice":18,"minecraft:sea_lantern":94,"minecraft:honeycomb":1,"minecraft:lava_bucket":5,"minecraft:villager_spawn_egg":3,"minecraft:iron_block":8,"minecraft:grass_block":70,"minecraft:rooted_dirt":7,"minecraft:packed_mud":1,"minecraft:iron_helmet":2,"minecraft:polished_blackstone_brick_stairs":22,"minecraft:dark_oak_slab":9,"minecraft:totem_of_undying":2,"minecraft:mud_bricks":6,"minecraft:item_frame":2,"minecraft:netherite_boots":6,"minecraft:diamond_chestplate":2,"minecraft:glowstone":34,"minecraft:polished_diorite_stairs":37,"minecraft:gold_block":13,"minecraft:pearlescent_froglight":1,"minecraft:enchanted_golden_apple":8,"minecraft:pointed_dripstone":15,"minecraft:calcite":1,"minecraft:water_bucket":1,"minecraft:leather_leggings":3,"minecraft:diamond_boots":3,"minecraft:netherite_chestplate":1,"minecraft:polished_diorite_slab":46,"minecraft:copper_block":10,"minecraft:leather_chestplate":5,"minecraft:cauldron":2,"minecraft:leather_boots":1,"minecraft:polished_blackstone_bricks":7,"minecraft:cracked_stone_bricks":2,"minecraft:golden_apple":2,"minecraft:glow_item_frame":288,"minecraft:dark_oak_trapdoor":6,"minecraft:mossy_cobblestone":2,"minecraft:diamond_block":14,"minecraft:sand":10,"minecraft:light_blue_concrete":89,"minecraft:blue_ice":13,"minecraft:ochre_froglight":1,"minecraft:cyan_stained_glass":8,"minecraft:netherite_block":16,"minecraft:firework_rocket":142,"minecraft:light_gray_concrete":20,"minecraft:verdant_froglight":59,"minecraft:barrier":31,"minecraft:cyan_concrete":63,"minecraft:leather_helmet":2,"minecraft:granite_slab":1,"minecraft:azalea_leaves":1,"minecraft:white_stained_glass":24,"minecraft:chain":2,"minecraft:white_concrete":55,"minecraft:coarse_dirt":4,"minecraft:diamond_leggings":3,"minecraft:cobweb":1},"minecraft:custom":{"minecraft:interact_with_anvil":6,"minecraft:mob_kills":10,"minecraft:fill_cauldron":2,"minecraft:open_shulker_box":6,"minecraft:leave_game":8,"minecraft:time_since_death":77262,"minecraft:climb_one_cm":400,"minecraft:sprint_one_cm":157184,"minecraft:walk_one_cm":167526,"minecraft:drop":188,"minecraft:play_time":235829,"minecraft:deaths":2,"minecraft:sneak_time":8204,"minecraft:walk_under_water_one_cm":12530,"minecraft:jump":1322,"minecraft:walk_on_water_one_cm":10365,"minecraft:total_world_time":235829,"minecraft:time_since_rest":77262,"minecraft:damage_taken":1045,"minecraft:damage_dealt":896,"minecraft:swim_one_cm":4798,"minecraft:fly_one_cm":1132743,"minecraft:open_chest":114,"minecraft:crouch_one_cm":18156,"minecraft:aviate_one_cm":541876,"minecraft:fall_one_cm":38007},"minecraft:picked_up":{"minecraft:wheat":3,"minecraft:light_blue_concrete":1,"minecraft:packed_ice":1,"minecraft:blue_concrete":1,"minecraft:magma_cube_spawn_egg":128,"minecraft:ghast_spawn_egg":128,"minecraft:item_frame":2,"minecraft:netherite_ingot":1,"minecraft:oak_sign":1,"minecraft:crimson_fence":2,"minecraft:player_head":1,"minecraft:enchanted_golden_apple":13,"minecraft:hoglin_spawn_egg":64,"minecraft:glow_item_frame":1,"minecraft:frog_spawn_egg":128,"minecraft:drowned_spawn_egg":64,"minecraft:arrow":2,"minecraft:rotten_flesh":4,"minecraft:totem_of_undying":1,"minecraft:snowball":16,"minecraft:glow_squid_spawn_egg":64,"minecraft:paper":3,"minecraft:bone":2,"minecraft:wheat_seeds":11,"minecraft:creeper_spawn_egg":64,"minecraft:llama_spawn_egg":128,"minecraft:cyan_concrete":1,"minecraft:structure_void":2,"minecraft:mossy_cobblestone":1,"minecraft:light_gray_concrete":1,"minecraft:husk_spawn_egg":64,"minecraft:donkey_spawn_egg":128,"minecraft:blue_ice":1,"minecraft:golden_apple":3,"minecraft:white_concrete":1},"minecraft:killed":{"minecraft:skeleton":1,"minecraft:snow_golem":1,"minecraft:zombie":4,"minecraft:villager":1}},"DataVersion":3700}