{"stats":{"minecraft:picked_up":{"minecraft:rotten_flesh":4,"minecraft:paper":2},"minecraft:dropped":{"minecraft:rotten_flesh":2,"minecraft:spruce_log":1,"minecraft:dark_oak_log":1,"minecraft:mangrove_log":1,"minecraft:cherry_log":1,"minecraft:oak_log":1,"minecraft:calcite":1,"minecraft:dune_armor_trim_smithing_template":1,"minecraft:paper":3,"minecraft:birch_log":1,"minecraft:acacia_log":1,"minecraft:jungle_log":1,"minecraft:diamond_helmet":1},"minecraft:killed":{"minecraft:zombie":1},"minecraft:custom":{"minecraft:open_chest":1,"minecraft:time_since_rest":823,"minecraft:crouch_one_cm":241,"minecraft:sprint_one_cm":7047,"minecraft:play_time":6888,"minecraft:deaths":1,"minecraft:damage_taken":90,"minecraft:walk_one_cm":6150,"minecraft:sneak_time":174,"minecraft:walk_under_water_one_cm":1599,"minecraft:interact_with_anvil":3,"minecraft:mob_kills":1,"minecraft:drop":15,"minecraft:jump":86,"minecraft:damage_dealt":190,"minecraft:leave_game":1,"minecraft:time_since_death":823,"minecraft:walk_on_water_one_cm":1668,"minecraft:total_world_time":6888,"minecraft:climb_one_cm":89,"minecraft:swim_one_cm":384,"minecraft:fall_one_cm":2090,"minecraft:fly_one_cm":62289},"minecraft:used":{"minecraft:cracked_stone_bricks":2,"minecraft:diamond_helmet":1,"minecraft:leather_chestplate":1,"minecraft:pointed_dripstone":3}},"DataVersion":3700}