{"stats":{"minecraft:picked_up":{"minecraft:magma_cube_spawn_egg":128,"minecraft:glow_squid_spawn_egg":64,"minecraft:paper":3,"minecraft:netherite_ingot":1,"minecraft:ghast_spawn_egg":128,"minecraft:item_frame":2,"minecraft:creeper_spawn_egg":64,"minecraft:enchanted_golden_apple":6,"minecraft:llama_spawn_egg":128,"minecraft:hoglin_spawn_egg":64,"minecraft:frog_spawn_egg":128,"minecraft:drowned_spawn_egg":64,"minecraft:mossy_cobblestone":1,"minecraft:husk_spawn_egg":64,"minecraft:rotten_flesh":4,"minecraft:donkey_spawn_egg":128,"minecraft:totem_of_undying":1},"minecraft:dropped":{"minecraft:pillager_spawn_egg":195,"minecraft:drowned_spawn_egg":64,"minecraft:llama_spawn_egg":192,"minecraft:cherry_log":1,"minecraft:oak_log":1,"minecraft:coarse_dirt":1,"minecraft:mule_spawn_egg":13,"minecraft:mossy_cobblestone":1,"minecraft:creeper_spawn_egg":128,"minecraft:diamond_leggings":1,"minecraft:goat_spawn_egg":64,"minecraft:pointed_dripstone":1,"minecraft:dark_oak_slab":1,"minecraft:iron_helmet":2,"minecraft:rotten_flesh":2,"minecraft:iron_boots":2,"minecraft:enchanted_golden_apple":7,"minecraft:rooted_dirt":1,"minecraft:acacia_log":1,"minecraft:elytra":2,"minecraft:structure_void":2,"minecraft:donkey_spawn_egg":128,"minecraft:ghast_spawn_egg":256,"minecraft:packed_mud":1,"minecraft:dirt":961,"minecraft:mud_bricks":3,"minecraft:dark_oak_log":1,"minecraft:mangrove_log":1,"minecraft:diamond_chestplate":1,"minecraft:dispenser":1,"minecraft:dune_armor_trim_smithing_template":1,"minecraft:dark_oak_trapdoor":1,"minecraft:husk_spawn_egg":64,"minecraft:jungle_log":1,"minecraft:glowstone":1,"minecraft:chest":1,"minecraft:diamond_helmet":1,"minecraft:frog_spawn_egg":192,"minecraft:leather_leggings":2,"minecraft:spruce_log":1,"minecraft:granite_slab":1,"minecraft:calcite":2,"minecraft:paper":516,"minecraft:birch_log":1,"minecraft:magma_cube_spawn_egg":256,"minecraft:hoglin_spawn_egg":64,"minecraft:glow_squid_spawn_egg":64},"minecraft:killed":{"minecraft:zombie":1},"minecraft:custom":{"minecraft:mob_kills":3,"minecraft:interact_with_anvil":3,"minecraft:open_shulker_box":6,"minecraft:leave_game":4,"minecraft:time_since_death":127502,"minecraft:climb_one_cm":400,"minecraft:time_since_rest":127502,"minecraft:sprint_one_cm":60662,"minecraft:damage_taken":740,"minecraft:walk_one_cm":50218,"minecraft:drop":116,"minecraft:damage_dealt":362,"minecraft:fly_one_cm":704855,"minecraft:swim_one_cm":652,"minecraft:open_chest":75,"minecraft:crouch_one_cm":3532,"minecraft:play_time":133567,"minecraft:deaths":1,"minecraft:sneak_time":3818,"minecraft:walk_under_water_one_cm":5801,"minecraft:aviate_one_cm":165,"minecraft:jump":796,"minecraft:walk_on_water_one_cm":5259,"minecraft:total_world_time":133567,"minecraft:fall_one_cm":7736},"minecraft:used":{"minecraft:calcite":1,"minecraft:leather_leggings":1,"minecraft:dispenser":7,"minecraft:elytra":1,"minecraft:chest":23,"minecraft:leather_chestplate":1,"minecraft:cracked_stone_bricks":2,"minecraft:glow_item_frame":2,"minecraft:mossy_cobblestone":2,"minecraft:dark_oak_trapdoor":6,"minecraft:dirt":3,"minecraft:light_blue_concrete":39,"minecraft:diamond_helmet":1,"minecraft:blue_ice":13,"minecraft:ochre_froglight":1,"minecraft:blue_concrete":10,"minecraft:packed_ice":18,"minecraft:sea_lantern":32,"minecraft:grass_block":4,"minecraft:rooted_dirt":7,"minecraft:packed_mud":1,"minecraft:verdant_froglight":51,"minecraft:cyan_concrete":26,"minecraft:leather_helmet":1,"minecraft:dark_oak_slab":9,"minecraft:totem_of_undying":2,"minecraft:mud_bricks":6,"minecraft:item_frame":2,"minecraft:granite_slab":1,"minecraft:glowstone":21,"minecraft:azalea_leaves":1,"minecraft:pearlescent_froglight":1,"minecraft:white_concrete":55,"minecraft:coarse_dirt":4,"minecraft:enchanted_golden_apple":2,"minecraft:diamond_leggings":1,"minecraft:cobweb":1,"minecraft:pointed_dripstone":15}},"DataVersion":3700}