{"stats":{"minecraft:picked_up":{"minecraft:paper":2,"minecraft:mossy_cobblestone":1,"minecraft:rotten_flesh":4},"minecraft:dropped":{"minecraft:packed_mud":1,"minecraft:dark_oak_log":1,"minecraft:mangrove_log":1,"minecraft:cherry_log":1,"minecraft:oak_log":1,"minecraft:dune_armor_trim_smithing_template":1,"minecraft:mossy_cobblestone":1,"minecraft:jungle_log":1,"minecraft:pointed_dripstone":1,"minecraft:diamond_helmet":1,"minecraft:rotten_flesh":2,"minecraft:spruce_log":1,"minecraft:calcite":1,"minecraft:paper":4,"minecraft:birch_log":1,"minecraft:acacia_log":1,"minecraft:elytra":2},"minecraft:killed":{"minecraft:zombie":1},"minecraft:custom":{"minecraft:time_since_rest":12823,"minecraft:sprint_one_cm":14768,"minecraft:damage_taken":740,"minecraft:walk_one_cm":8595,"minecraft:mob_kills":1,"minecraft:interact_with_anvil":3,"minecraft:drop":21,"minecraft:damage_dealt":190,"minecraft:swim_one_cm":652,"minecraft:fly_one_cm":211435,"minecraft:open_chest":8,"minecraft:crouch_one_cm":241,"minecraft:open_shulker_box":5,"minecraft:play_time":18888,"minecraft:deaths":1,"minecraft:sneak_time":469,"minecraft:walk_under_water_one_cm":2465,"minecraft:aviate_one_cm":165,"minecraft:jump":186,"minecraft:leave_game":1,"minecraft:walk_on_water_one_cm":3766,"minecraft:time_since_death":12823,"minecraft:climb_one_cm":125,"minecraft:total_world_time":18888,"minecraft:fall_one_cm":7736},"minecraft:used":{"minecraft:calcite":1,"minecraft:elytra":1,"minecraft:packed_mud":1,"minecraft:leather_chestplate":1,"minecraft:totem_of_undying":2,"minecraft:cracked_stone_bricks":2,"minecraft:mossy_cobblestone":2,"minecraft:diamond_helmet":1,"minecraft:diamond_leggings":1,"minecraft:pointed_dripstone":15}},"DataVersion":3700}