{"stats":{"minecraft:killed":{"minecraft:zombified_piglin":129,"minecraft:allay":1,"minecraft:spider":6,"minecraft:zombie_horse":10,"minecraft:skeleton":16,"minecraft:horse":1,"minecraft:drowned":7,"minecraft:piglin_brute":2,"minecraft:piglin":10,"minecraft:salmon":1,"minecraft:hoglin":1,"minecraft:squid":1,"minecraft:creeper":41,"minecraft:zombie":19,"minecraft:wither_skeleton":25,"minecraft:villager":1,"minecraft:enderman":2},"minecraft:mined":{"minecraft:tuff":110,"minecraft:dark_oak_log":8,"minecraft:end_stone":3,"minecraft:granite":15,"minecraft:moss_block":2,"minecraft:spawner":6,"minecraft:iron_ore":1,"minecraft:fire":1,"minecraft:andesite":61,"minecraft:anvil":1,"minecraft:deepslate_iron_ore":5,"minecraft:stone":781,"minecraft:player_head":1,"minecraft:tripwire":1,"minecraft:blackstone":6,"minecraft:chest":3,"minecraft:copper_ore":14,"minecraft:cobblestone":4,"minecraft:diorite":10,"minecraft:warped_nylium":1,"minecraft:coal_ore":16,"minecraft:dirt":2,"minecraft:netherrack":113,"minecraft:deepslate":272},"minecraft:broken":{"minecraft:shield":1},"minecraft:dropped":{"minecraft:spawner":3,"minecraft:birch_leaves":1,"minecraft:enchanted_book":18,"minecraft:porkchop":4,"minecraft:moss_block":4,"minecraft:repeating_command_block":1,"minecraft:diamond_axe":3,"minecraft:wheat_seeds":59,"minecraft:cooked_beef":130,"minecraft:netherite_helmet":13,"minecraft:netherite_chestplate":11,"minecraft:crossbow":1,"minecraft:lead":2,"minecraft:iron_helmet":4,"minecraft:cobblestone":707,"minecraft:warped_roots":1,"minecraft:leather":2,"minecraft:granite":31,"minecraft:saddle":1,"minecraft:bedrock":1,"minecraft:tropical_fish":1,"minecraft:leather_helmet":1,"minecraft:grass_block":7,"minecraft:coal":12,"minecraft:pufferfish":5,"minecraft:cod":11,"minecraft:flint":1,"minecraft:lava_bucket":1,"minecraft:dirt":21,"minecraft:diorite":76,"minecraft:dispenser":1,"minecraft:sponge":1,"minecraft:wooden_hoe":2,"minecraft:white_concrete":1,"minecraft:cooked_cod":1,"minecraft:netherite_boots":10,"minecraft:iron_leggings":4,"minecraft:writable_book":1,"minecraft:gold_nugget":55,"minecraft:black_concrete":1,"minecraft:paper":198,"minecraft:string":5,"minecraft:fishing_rod":1,"minecraft:gold_ingot":4,"minecraft:redstone_block":1,"minecraft:bone":15,"minecraft:redstone":1,"minecraft:blackstone":30,"minecraft:zombie_spawn_egg":2,"minecraft:allay_spawn_egg":1,"minecraft:cobbled_deepslate":135,"minecraft:raw_copper":83,"minecraft:netherite_sword":9,"minecraft:obsidian":2,"minecraft:experience_bottle":580,"minecraft:rotten_flesh":80,"minecraft:iron_boots":3,"minecraft:zombified_piglin_spawn_egg":65,"minecraft:totem_of_undying":2,"minecraft:salmon":3,"minecraft:netherite_leggings":14,"minecraft:diamond_sword":8,"minecraft:sea_lantern":2,"minecraft:leather_chestplate":2,"minecraft:potato":1,"minecraft:stone":9,"minecraft:shield":11,"minecraft:trident":1,"minecraft:gunpowder":24,"minecraft:powder_snow_bucket":1,"minecraft:piglin_spawn_egg":1,"minecraft:diamond_pickaxe":2,"minecraft:iron_chestplate":4,"minecraft:andesite":193,"minecraft:leather_boots":1,"minecraft:chest":1,"minecraft:golden_sword":9,"minecraft:leather_leggings":1,"minecraft:spider_eye":3,"minecraft:arrow":22,"minecraft:bow":2,"minecraft:wooden_pickaxe":1,"minecraft:horse_spawn_egg":1,"minecraft:piglin_brute_spawn_egg":1,"minecraft:quartz":5,"minecraft:netherrack":676,"minecraft:hoglin_spawn_egg":1,"minecraft:firework_rocket":193},"minecraft:custom":{"minecraft:mob_kills":276,"minecraft:interact_with_anvil":73,"minecraft:interact_with_crafting_table":13,"minecraft:damage_dealt_resisted":1255300,"minecraft:leave_game":5,"minecraft:time_since_death":518059,"minecraft:climb_one_cm":114,"minecraft:damage_resisted":203822,"minecraft:sprint_one_cm":418189,"minecraft:walk_one_cm":575145,"minecraft:damage_blocked_by_shield":11152,"minecraft:drop":372,"minecraft:talked_to_villager":1,"minecraft:play_time":571900,"minecraft:sneak_time":11632,"minecraft:deaths":4,"minecraft:walk_under_water_one_cm":50471,"minecraft:jump":5192,"minecraft:walk_on_water_one_cm":37495,"minecraft:total_world_time":571900,"minecraft:interact_with_furnace":1,"minecraft:interact_with_grindstone":4,"minecraft:time_since_rest":518059,"minecraft:damage_taken":4240,"minecraft:damage_absorbed":30,"minecraft:damage_dealt":63146,"minecraft:interact_with_beacon":5,"minecraft:swim_one_cm":14129,"minecraft:fly_one_cm":2025996,"minecraft:player_kills":1,"minecraft:open_chest":776,"minecraft:crouch_one_cm":22349,"minecraft:aviate_one_cm":284661,"minecraft:fish_caught":19,"minecraft:fall_one_cm":32192,"minecraft:inspect_dispenser":8,"minecraft:horse_one_cm":18571},"minecraft:used":{"minecraft:moss_block":2,"minecraft:nether_brick_fence":2,"minecraft:trident":15,"minecraft:netherite_sword":710,"minecraft:writable_book":28,"minecraft:enchanting_table":1,"minecraft:stone_sword":8,"minecraft:granite_stairs":5,"minecraft:flint_and_steel":3,"minecraft:armor_stand":4,"minecraft:spruce_slab":24,"minecraft:dispenser":6,"minecraft:zombie_villager_spawn_egg":1,"minecraft:elytra":1,"minecraft:oak_sign":62,"minecraft:chest":54,"minecraft:shield":153,"minecraft:stone":120,"minecraft:zombie_spawn_egg":17,"minecraft:wither_skeleton_spawn_egg":25,"minecraft:player_head":3,"minecraft:netherrack":10,"minecraft:dirt":32,"minecraft:anvil":11,"minecraft:skeleton_spawn_egg":9,"minecraft:granite":64,"minecraft:allay_spawn_egg":3,"minecraft:obsidian":65,"minecraft:dark_oak_planks":21,"minecraft:sea_lantern":83,"minecraft:lava_bucket":236,"minecraft:bookshelf":16,"minecraft:grass_block":206,"minecraft:spawner":7,"minecraft:netherite_hoe":5,"minecraft:dark_oak_leaves":61,"minecraft:piglin_brute_spawn_egg":2,"minecraft:totem_of_undying":2,"minecraft:bedrock":6,"minecraft:netherite_boots":3,"minecraft:glowstone":63,"minecraft:bow":384,"minecraft:emerald_block":181,"minecraft:furnace":2,"minecraft:netherite_pickaxe":1168,"minecraft:zombified_piglin_spawn_egg":120,"minecraft:cooked_beef":10,"minecraft:red_dye":11,"minecraft:powder_snow_bucket":12,"minecraft:zombie_horse_spawn_egg":10,"minecraft:water_bucket":1,"minecraft:diorite":1,"minecraft:leather_leggings":20,"minecraft:iron_ore":5,"minecraft:polished_andesite":45,"minecraft:stone_pickaxe":11,"minecraft:netherite_chestplate":1,"minecraft:wooden_pickaxe":14,"minecraft:leather_chestplate":8,"minecraft:redstone_block":16,"minecraft:glow_ink_sac":10,"minecraft:beacon":6,"minecraft:diamond_axe":66,"minecraft:leather_boots":6,"minecraft:horse_spawn_egg":1,"minecraft:gold_ore":6,"minecraft:netherite_leggings":2,"minecraft:crafting_table":2,"minecraft:netherite_helmet":3,"minecraft:sponge":5,"minecraft:end_stone":12,"minecraft:spruce_log":25,"minecraft:nether_gold_ore":1,"minecraft:creeper_spawn_egg":35,"minecraft:wooden_hoe":28,"minecraft:hoglin_spawn_egg":1,"minecraft:diamond_pickaxe":262,"minecraft:black_concrete":61,"minecraft:firework_rocket":41,"minecraft:command_block":1,"minecraft:string":6,"minecraft:iron_pickaxe":28,"minecraft:netherite_axe":3,"minecraft:leather_helmet":6,"minecraft:granite_slab":21,"minecraft:fishing_rod":28,"minecraft:diamond_sword":238,"minecraft:wooden_sword":31,"minecraft:cobblestone":26,"minecraft:grindstone":1,"minecraft:andesite":1,"minecraft:bucket":1,"minecraft:piglin_spawn_egg":8,"minecraft:repeating_command_block":2,"minecraft:white_concrete":4,"minecraft:splash_potion":2,"minecraft:experience_bottle":865,"minecraft:chainmail_leggings":14},"minecraft:crafted":{"minecraft:stone_pickaxe":1,"minecraft:dark_oak_planks":32,"minecraft:crafting_table":1,"minecraft:wooden_pickaxe":1,"minecraft:stick":8,"minecraft:stone_sword":1},"minecraft:picked_up":{"minecraft:fishing_rod":1,"minecraft:iron_chestplate":3,"minecraft:crafting_table":2,"minecraft:leather_leggings":1,"minecraft:anvil":2,"minecraft:lead":1,"minecraft:diamond_sword":8,"minecraft:shield":3,"minecraft:golden_sword":9,"minecraft:string":4,"minecraft:raw_copper":83,"minecraft:iron_leggings":3,"minecraft:pufferfish":5,"minecraft:experience_bottle":1498,"minecraft:blackstone":30,"minecraft:oak_sign":3,"minecraft:gold_nugget":68,"minecraft:cobbled_deepslate":145,"minecraft:netherite_sword":4,"minecraft:player_head":1,"minecraft:iron_pickaxe":4,"minecraft:chest":7,"minecraft:iron_boots":2,"minecraft:end_stone":3,"minecraft:stone":2,"minecraft:porkchop":4,"minecraft:diorite":123,"minecraft:netherite_pickaxe":3,"minecraft:zombified_piglin_spawn_egg":251,"minecraft:arrow":23,"minecraft:rotten_flesh":90,"minecraft:cooked_cod":1,"minecraft:tropical_fish":1,"minecraft:saddle":1,"minecraft:gold_ingot":7,"minecraft:totem_of_undying":1,"minecraft:netherite_chestplate":12,"minecraft:cod":12,"minecraft:cobblestone":858,"minecraft:netherite_boots":9,"minecraft:leather_chestplate":2,"minecraft:cooked_beef":66,"minecraft:andesite":196,"minecraft:salmon":3,"minecraft:leather":2,"minecraft:potato":2,"minecraft:bedrock":3,"minecraft:flint":1,"minecraft:tuff":100,"minecraft:gunpowder":25,"minecraft:wither_skeleton_skull":1,"minecraft:netherite_leggings":14,"minecraft:paper":336,"minecraft:dirt":27,"minecraft:spawner":3,"minecraft:leather_boots":1,"minecraft:bone":45,"minecraft:bow":1,"minecraft:iron_ingot":4,"minecraft:moss_block":6,"minecraft:quartz":5,"minecraft:dark_oak_log":8,"minecraft:sea_lantern":1,"minecraft:spider_eye":3,"minecraft:leather_helmet":1,"minecraft:skeleton_spawn_egg":1,"minecraft:netherite_helmet":13,"minecraft:writable_book":1,"minecraft:iron_helmet":3,"minecraft:granite":37,"minecraft:crossbow":1,"minecraft:diamond_axe":3,"minecraft:warped_roots":1,"minecraft:netherrack":675,"minecraft:diamond_pickaxe":4,"minecraft:coal":23},"minecraft:killed_by":{"minecraft:zombified_piglin":2}},"DataVersion":3700}