{"stats":{"minecraft:custom":{"minecraft:interact_with_crafting_table":28,"minecraft:leave_game":6,"minecraft:time_since_death":670650,"minecraft:damage_resisted":205022,"minecraft:sprint_one_cm":466436,"minecraft:damage_blocked_by_shield":11152,"minecraft:drop":402,"minecraft:talked_to_villager":1,"minecraft:play_time":724491,"minecraft:deaths":4,"minecraft:jump":5689,"minecraft:walk_on_water_one_cm":47619,"minecraft:interact_with_furnace":1,"minecraft:damage_dealt":64528,"minecraft:interact_with_beacon":5,"minecraft:player_kills":1,"minecraft:crouch_one_cm":30513,"minecraft:horse_one_cm":18571,"minecraft:inspect_dispenser":8,"minecraft:interact_with_anvil":84,"minecraft:mob_kills":285,"minecraft:damage_dealt_resisted":1255300,"minecraft:climb_one_cm":114,"minecraft:walk_one_cm":728873,"minecraft:sneak_time":17637,"minecraft:walk_under_water_one_cm":57412,"minecraft:total_world_time":724491,"minecraft:interact_with_grindstone":5,"minecraft:time_since_rest":670650,"minecraft:damage_absorbed":30,"minecraft:damage_taken":4240,"minecraft:swim_one_cm":19645,"minecraft:fly_one_cm":2779899,"minecraft:open_chest":857,"minecraft:aviate_one_cm":284661,"minecraft:fish_caught":19,"minecraft:fall_one_cm":33203},"minecraft:dropped":{"minecraft:repeating_command_block":1,"minecraft:moss_block":4,"minecraft:porkchop":4,"minecraft:diamond_axe":3,"minecraft:cooked_beef":130,"minecraft:crafting_table":1,"minecraft:crossbow":1,"minecraft:warped_roots":1,"minecraft:leather":2,"minecraft:saddle":1,"minecraft:bedrock":1,"minecraft:leather_helmet":1,"minecraft:cod":11,"minecraft:item_frame":13,"minecraft:flint":1,"minecraft:dirt":21,"minecraft:dispenser":1,"minecraft:cooked_cod":1,"minecraft:netherite_boots":10,"minecraft:gold_nugget":56,"minecraft:writable_book":1,"minecraft:black_concrete":2,"minecraft:fishing_rod":1,"minecraft:armor_stand":1,"minecraft:gold_ingot":4,"minecraft:bone":15,"minecraft:blackstone":30,"minecraft:cobbled_deepslate":135,"minecraft:netherite_sword":9,"minecraft:obsidian":2,"minecraft:rotten_flesh":87,"minecraft:zombified_piglin_spawn_egg":66,"minecraft:salmon":3,"minecraft:leather_chestplate":2,"minecraft:sea_lantern":2,"minecraft:trident":1,"minecraft:gunpowder":24,"minecraft:piglin_spawn_egg":1,"minecraft:leather_boots":1,"minecraft:chest":1,"minecraft:leather_leggings":1,"minecraft:arrow":22,"minecraft:piglin_brute_spawn_egg":1,"minecraft:quartz":5,"minecraft:hoglin_spawn_egg":1,"minecraft:netherrack":676,"minecraft:firework_rocket":193,"minecraft:spawner":3,"minecraft:enchanted_book":18,"minecraft:birch_leaves":1,"minecraft:wheat_seeds":59,"minecraft:netherite_chestplate":11,"minecraft:netherite_helmet":13,"minecraft:iron_helmet":4,"minecraft:cobblestone":761,"minecraft:lead":2,"minecraft:granite":31,"minecraft:copper_ingot":1,"minecraft:tropical_fish":1,"minecraft:purple_dye":61,"minecraft:grass_block":7,"minecraft:coal":12,"minecraft:pufferfish":5,"minecraft:lava_bucket":1,"minecraft:diorite":76,"minecraft:sponge":1,"minecraft:wooden_hoe":2,"minecraft:white_concrete":2,"minecraft:map":1,"minecraft:iron_leggings":4,"minecraft:paper":247,"minecraft:string":6,"minecraft:redstone_block":1,"minecraft:redstone":1,"minecraft:zombie_spawn_egg":2,"minecraft:oak_trapdoor":1,"minecraft:allay_spawn_egg":1,"minecraft:raw_copper":83,"minecraft:lime_concrete":1,"minecraft:experience_bottle":580,"minecraft:iron_boots":3,"minecraft:totem_of_undying":2,"minecraft:netherite_leggings":14,"minecraft:filled_map":19,"minecraft:diamond_sword":8,"minecraft:potato":1,"minecraft:stone":9,"minecraft:shield":11,"minecraft:powder_snow_bucket":1,"minecraft:spruce_trapdoor":1,"minecraft:iron_chestplate":4,"minecraft:diamond_pickaxe":2,"minecraft:andesite":193,"minecraft:golden_sword":9,"minecraft:spider_eye":4,"minecraft:bow":2,"minecraft:wooden_pickaxe":1,"minecraft:horse_spawn_egg":1},"minecraft:killed_by":{"minecraft:zombified_piglin":2},"minecraft:mined":{"minecraft:granite":15,"minecraft:spawner":6,"minecraft:fire":1,"minecraft:iron_ore":16,"minecraft:anvil":1,"minecraft:player_head":1,"minecraft:tripwire":1,"minecraft:blackstone":6,"minecraft:chest":5,"minecraft:cobblestone":5,"minecraft:warped_nylium":1,"minecraft:dirt":3,"minecraft:netherrack":113,"minecraft:deepslate":272,"minecraft:tuff":110,"minecraft:dark_oak_log":9,"minecraft:end_stone":3,"minecraft:moss_block":2,"minecraft:andesite":61,"minecraft:deepslate_iron_ore":5,"minecraft:stone":835,"minecraft:crafting_table":1,"minecraft:copper_ore":14,"minecraft:diorite":10,"minecraft:coal_ore":16},"minecraft:killed":{"minecraft:zombified_piglin":133,"minecraft:spider":7,"minecraft:zombie_horse":10,"minecraft:skeleton":16,"minecraft:piglin_brute":2,"minecraft:piglin":10,"minecraft:salmon":1,"minecraft:creeper":41,"minecraft:zombie":20,"minecraft:allay":1,"minecraft:horse":1,"minecraft:drowned":8,"minecraft:hoglin":1,"minecraft:squid":3,"minecraft:wither_skeleton":25,"minecraft:villager":1,"minecraft:enderman":2},"minecraft:used":{"minecraft:moss_block":8,"minecraft:nether_brick_fence":2,"minecraft:moss_carpet":1,"minecraft:writable_book":28,"minecraft:spruce_slab":24,"minecraft:dispenser":6,"minecraft:elytra":1,"minecraft:oak_sign":67,"minecraft:chest":61,"minecraft:shield":153,"minecraft:stone":447,"minecraft:zombie_spawn_egg":17,"minecraft:player_head":3,"minecraft:skeleton_spawn_egg":9,"minecraft:obsidian":65,"minecraft:honey_block":8,"minecraft:lava_bucket":236,"minecraft:netherite_shovel":1,"minecraft:grass_block":211,"minecraft:netherite_hoe":5,"minecraft:dark_oak_leaves":61,"minecraft:item_frame":102,"minecraft:netherite_boots":3,"minecraft:bedrock":6,"minecraft:bow":384,"minecraft:furnace":2,"minecraft:zombie_horse_spawn_egg":10,"minecraft:diorite":1,"minecraft:leather_leggings":20,"minecraft:spruce_door":1,"minecraft:stone_pickaxe":11,"minecraft:leather_chestplate":8,"minecraft:wooden_pickaxe":14,"minecraft:redstone_block":16,"minecraft:diamond_axe":66,"minecraft:netherite_leggings":2,"minecraft:netherite_helmet":3,"minecraft:sponge":5,"minecraft:end_stone":12,"minecraft:creeper_spawn_egg":35,"minecraft:hoglin_spawn_egg":1,"minecraft:black_concrete":404,"minecraft:firework_rocket":41,"minecraft:birch_fence_gate":3,"minecraft:dark_oak_log":1,"minecraft:string":6,"minecraft:granite_slab":21,"minecraft:diamond_sword":238,"minecraft:wooden_sword":31,"minecraft:grindstone":1,"minecraft:piglin_spawn_egg":8,"minecraft:andesite":120,"minecraft:chain":2,"minecraft:white_concrete":11,"minecraft:coarse_dirt":102,"minecraft:bone_meal":18,"minecraft:experience_bottle":865,"minecraft:oak_trapdoor":9,"minecraft:trident":15,"minecraft:netherite_sword":710,"minecraft:enchanting_table":1,"minecraft:stone_sword":8,"minecraft:granite_stairs":5,"minecraft:flint_and_steel":4,"minecraft:armor_stand":21,"minecraft:zombie_villager_spawn_egg":1,"minecraft:wither_skeleton_spawn_egg":25,"minecraft:netherrack":10,"minecraft:dirt":160,"minecraft:anvil":11,"minecraft:granite":64,"minecraft:allay_spawn_egg":3,"minecraft:dark_oak_planks":21,"minecraft:sea_lantern":83,"minecraft:bookshelf":16,"minecraft:spawner":7,"minecraft:iron_boots":1,"minecraft:piglin_brute_spawn_egg":2,"minecraft:totem_of_undying":2,"minecraft:glowstone":63,"minecraft:lime_concrete":539,"minecraft:emerald_block":181,"minecraft:netherite_pickaxe":1238,"minecraft:cooked_beef":10,"minecraft:zombified_piglin_spawn_egg":122,"minecraft:red_dye":11,"minecraft:powder_snow_bucket":12,"minecraft:pointed_dripstone":33,"minecraft:water_bucket":1,"minecraft:iron_ore":20,"minecraft:polished_andesite":45,"minecraft:netherite_chestplate":1,"minecraft:beacon":6,"minecraft:glow_ink_sac":10,"minecraft:leather_boots":7,"minecraft:horse_spawn_egg":1,"minecraft:gold_ore":6,"minecraft:glow_item_frame":490,"minecraft:vine":90,"minecraft:crafting_table":4,"minecraft:spruce_log":25,"minecraft:nether_gold_ore":1,"minecraft:wooden_hoe":28,"minecraft:diamond_pickaxe":262,"minecraft:command_block":1,"minecraft:map":4,"minecraft:iron_pickaxe":28,"minecraft:netherite_axe":7,"minecraft:leather_helmet":6,"minecraft:spruce_trapdoor":3,"minecraft:fishing_rod":28,"minecraft:cobblestone":27,"minecraft:bucket":1,"minecraft:repeating_command_block":2,"minecraft:splash_potion":2,"minecraft:chainmail_leggings":14},"minecraft:crafted":{"minecraft:crafting_table":1,"minecraft:wooden_pickaxe":1,"minecraft:stick":8,"minecraft:leather_chestplate":9,"minecraft:stone_sword":1,"minecraft:leather_leggings":9,"minecraft:leather_boots":9,"minecraft:stone_pickaxe":1,"minecraft:dark_oak_planks":32},"minecraft:broken":{"minecraft:shield":1},"minecraft:picked_up":{"minecraft:iron_chestplate":3,"minecraft:anvil":2,"minecraft:diamond_sword":8,"minecraft:lead":1,"minecraft:golden_sword":9,"minecraft:string":5,"minecraft:raw_copper":83,"minecraft:iron_leggings":3,"minecraft:pufferfish":5,"minecraft:experience_bottle":1498,"minecraft:oak_sign":3,"minecraft:gold_nugget":69,"minecraft:cobbled_deepslate":145,"minecraft:iron_pickaxe":4,"minecraft:iron_boots":2,"minecraft:porkchop":4,"minecraft:diorite":123,"minecraft:rotten_flesh":97,"minecraft:tropical_fish":1,"minecraft:netherite_chestplate":12,"minecraft:cod":12,"minecraft:cobblestone":912,"minecraft:leather_chestplate":2,"minecraft:cooked_beef":66,"minecraft:andesite":196,"minecraft:potato":2,"minecraft:flint":1,"minecraft:tuff":100,"minecraft:wither_skeleton_skull":1,"minecraft:netherite_leggings":14,"minecraft:dirt":27,"minecraft:leather_boots":1,"minecraft:bone":45,"minecraft:bow":1,"minecraft:moss_block":6,"minecraft:dark_oak_log":8,"minecraft:skeleton_spawn_egg":1,"minecraft:netherite_helmet":13,"minecraft:writable_book":1,"minecraft:crossbow":1,"minecraft:granite":37,"minecraft:netherrack":675,"minecraft:diamond_pickaxe":4,"minecraft:fishing_rod":1,"minecraft:crafting_table":3,"minecraft:leather_leggings":1,"minecraft:shield":3,"minecraft:moss_carpet":1,"minecraft:item_frame":12,"minecraft:blackstone":30,"minecraft:netherite_sword":4,"minecraft:player_head":1,"minecraft:chest":9,"minecraft:raw_iron":15,"minecraft:end_stone":3,"minecraft:stone":2,"minecraft:glow_item_frame":1,"minecraft:copper_ingot":1,"minecraft:zombified_piglin_spawn_egg":251,"minecraft:netherite_pickaxe":3,"minecraft:arrow":23,"minecraft:cooked_cod":1,"minecraft:totem_of_undying":1,"minecraft:saddle":1,"minecraft:gold_ingot":7,"minecraft:netherite_boots":9,"minecraft:salmon":3,"minecraft:leather":2,"minecraft:filled_map":13,"minecraft:bedrock":3,"minecraft:gunpowder":25,"minecraft:paper":336,"minecraft:spawner":3,"minecraft:iron_ingot":4,"minecraft:quartz":5,"minecraft:spider_eye":4,"minecraft:sea_lantern":1,"minecraft:leather_helmet":1,"minecraft:iron_helmet":3,"minecraft:diamond_axe":3,"minecraft:warped_roots":1,"minecraft:coal":23}},"DataVersion":3700}