{"stats":{"minecraft:custom":{"minecraft:jump":40,"minecraft:open_chest":5,"minecraft:time_since_rest":25070,"minecraft:crouch_one_cm":48,"minecraft:sprint_one_cm":6042,"minecraft:leave_game":4,"minecraft:play_time":25070,"minecraft:walk_on_water_one_cm":2445,"minecraft:time_since_death":25070,"minecraft:walk_one_cm":3764,"minecraft:sneak_time":904,"minecraft:total_world_time":25070,"minecraft:walk_under_water_one_cm":427,"minecraft:fly_one_cm":435684},"minecraft:used":{"minecraft:enchanted_golden_apple":1}},"DataVersion":3700}