{
  "placement_modifier_configurations": [
    {
      "activate": {
        "value": true,
        "activate_type": "feature:fixed_boolean"
      },
      "placement_modifier_type": "feature:activation"
    },
    {
      "count": {
        "value": 10.0,
        "count_type": "feature:fixed_double_to_integer"
      },
      "placement_modifier_type": "minecraft:count"
    },
    {
      "height": {
        "min_inclusive": {
          "base": {
            "value": 10.0,
            "base_type": "feature:fixed_double_to_integer"
          },
          "min_inclusive_type": "feature:above_bottom_offset_integer"
        },
        "max_inclusive": {
          "base": {
            "value": 10.0,
            "base_type": "feature:fixed_double_to_integer"
          },
          "max_inclusive_type": "feature:below_top_offset_integer"
        },
        "height_range_type": "feature:uniform_integer"
      },
      "placement_modifier_type": "minecraft:height_range"
    }
  ],
  "feature_generator_configuration": {
    "targets": {
      "target_type": "feature:fixed_target_list"
    },
    "size": {
      "value": 10.0,
      "size_type": "feature:fixed_double_to_integer"
    },
    "feature_generator_type": "minecraft:ore"
  }
}