{
  "minecraft:recipes/decorations/crafting_table": {
    "criteria": {
      "unlock_right_away": "2024-08-21 20:31:17 +0000"
    },
    "done": true
  },
  "minecraft:adventure/adventuring_time": {
    "criteria": {
      "minecraft:old_growth_birch_forest": "2024-08-22 01:13:30 +0000",
      "minecraft:dark_forest": "2024-08-21 20:31:21 +0000",
      "minecraft:forest": "2024-08-22 01:14:22 +0000",
      "minecraft:river": "2024-08-22 01:14:17 +0000",
      "minecraft:birch_forest": "2024-08-22 01:14:20 +0000",
      "minecraft:lush_caves": "2024-08-22 01:11:43 +0000",
      "minecraft:dripstone_caves": "2024-08-22 01:12:08 +0000"
    },
    "done": false
  },
  "DataVersion": 3700
}