{
  "minecraft:recipes/decorations/crafting_table": {
    "criteria": {
      "unlock_right_away": "2024-08-21 20:31:17 +0000"
    },
    "done": true
  },
  "minecraft:adventure/adventuring_time": {
    "criteria": {
      "minecraft:badlands": "2024-08-27 19:44:48 +0000",
      "minecraft:old_growth_birch_forest": "2024-08-22 01:13:30 +0000",
      "minecraft:eroded_badlands": "2024-08-27 19:45:18 +0000",
      "minecraft:desert": "2024-08-27 19:34:06 +0000",
      "minecraft:dark_forest": "2024-08-21 20:31:21 +0000",
      "minecraft:forest": "2024-08-22 01:14:22 +0000",
      "minecraft:river": "2024-08-22 01:14:17 +0000",
      "minecraft:birch_forest": "2024-08-22 01:14:20 +0000",
      "minecraft:lush_caves": "2024-08-22 01:11:43 +0000",
      "minecraft:dripstone_caves": "2024-08-22 01:12:08 +0000"
    },
    "done": false
  },
  "minecraft:recipes/misc/book": {
    "criteria": {
      "has_paper": "2024-08-27 19:47:44 +0000"
    },
    "done": true
  },
  "minecraft:recipes/decorations/cartography_table": {
    "criteria": {
      "has_paper": "2024-08-27 19:47:44 +0000"
    },
    "done": true
  },
  "minecraft:husbandry/balanced_diet": {
    "criteria": {
      "enchanted_golden_apple": "2024-08-27 19:49:13 +0000"
    },
    "done": false
  },
  "minecraft:husbandry/root": {
    "criteria": {
      "consumed_item": "2024-08-27 19:49:13 +0000"
    },
    "done": true
  },
  "minecraft:recipes/misc/mojang_banner_pattern": {
    "criteria": {
      "has_enchanted_golden_apple": "2024-08-27 19:49:11 +0000"
    },
    "done": true
  },
  "DataVersion": 3700
}